/*INSERE DADOS NA TABELA DE CATEGORIAS*/
INSERT INTO LABDATABASE.CATEGORIAS VALUES(1, 'SMARTPHONES', 'Telefones celulares e smartphones');
INSERT INTO LABDATABASE.CATEGORIAS VALUES(2, 'TABLETS', 'Tablets e iPads');
INSERT INTO LABDATABASE.CATEGORIAS VALUES(3, 'NOTEBOOKS', 'Notebooks e laptops');
INSERT INTO LABDATABASE.CATEGORIAS VALUES(4, 'ACESSORIOS', 'Acessórios para dispositivos eletrônicos');

/*INSERE DADOS NA TABELA DE LOCALIZACOES*/
INSERT INTO LABDATABASE.LOCALIZACOES VALUES(1, 'PRATELEIRA A1', 'Prateleira A1 - Smartphones Premium');
INSERT INTO LABDATABASE.LOCALIZACOES VALUES(2, 'PRATELEIRA A2', 'Prateleira A2 - Smartphones Intermediários');
INSERT INTO LABDATABASE.LOCALIZACOES VALUES(3, 'PRATELEIRA B1', 'Prateleira B1 - Tablets');
INSERT INTO LABDATABASE.LOCALIZACOES VALUES(4, 'PRATELEIRA C1', 'Prateleira C1 - Notebooks');
INSERT INTO LABDATABASE.LOCALIZACOES VALUES(5, 'PRATELEIRA D1', 'Prateleira D1 - Acessórios');

/*INSERE DADOS NA TABELA DE FORNECEDORES*/
INSERT INTO LABDATABASE.FORNECEDORES VALUES('01234567891234', 'TECH DISTRIBUIDORA LTDA', 'TECH DIST');
INSERT INTO LABDATABASE.FORNECEDORES VALUES('00123456789123', 'ELETRÔNICOS BRASIL SA', 'ELETRO BR');
INSERT INTO LABDATABASE.FORNECEDORES VALUES('00012345678912', 'IMPORTADORA DE TECNOLOGIA LTDA', 'IMPORT TECH');
INSERT INTO LABDATABASE.FORNECEDORES VALUES('00001234567891', 'ACESSÓRIOS E PEÇAS SA', 'ACESS TECH');

/*INSERE DADOS NA TABELA DE PRODUTOS*/
INSERT INTO LABDATABASE.PRODUTOS VALUES(1, 'IPHONE 14 PRO MAX 256GB', 10, 5, 50, 8500.00, 9999.99, 1, 1, SYSDATE);
INSERT INTO LABDATABASE.PRODUTOS VALUES(2, 'SAMSUNG GALAXY S23 ULTRA', 15, 8, 40, 6500.00, 7999.99, 1, 1, SYSDATE);
INSERT INTO LABDATABASE.PRODUTOS VALUES(3, 'IPAD PRO 12.9 M2', 8, 3, 20, 9500.00, 11999.99, 2, 3, SYSDATE);
INSERT INTO LABDATABASE.PRODUTOS VALUES(4, 'MACBOOK PRO 14 M2', 5, 2, 15, 12500.00, 14999.99, 3, 4, SYSDATE);
INSERT INTO LABDATABASE.PRODUTOS VALUES(5, 'SAMSUNG GALAXY TAB S9', 12, 6, 30, 4500.00, 5999.99, 2, 3, SYSDATE);
INSERT INTO LABDATABASE.PRODUTOS VALUES(6, 'AIRPODS PRO 2', 25, 10, 60, 1800.00, 2499.99, 4, 5, SYSDATE);
INSERT INTO LABDATABASE.PRODUTOS VALUES(7, 'GOOGLE PIXEL 7 PRO', 7, 4, 25, 5500.00, 6999.99, 1, 1, SYSDATE);
INSERT INTO LABDATABASE.PRODUTOS VALUES(8, 'DELL XPS 13', 6, 3, 18, 8500.00, 9999.99, 3, 4, SYSDATE);
INSERT INTO LABDATABASE.PRODUTOS VALUES(9, 'CARREGADOR USB-C 65W', 30, 15, 100, 150.00, 299.99, 4, 5, SYSDATE);
INSERT INTO LABDATABASE.PRODUTOS VALUES(10, 'CAPA PROTETORA PREMIUM', 50, 20, 150, 50.00, 129.99, 4, 5, SYSDATE);

/* Atualiza alguns produtos para ficarem abaixo do mínimo */
UPDATE LABDATABASE.PRODUTOS SET QUANTIDADE_ATUAL = 3 WHERE CODIGO_PRODUTO = 1;  -- iPhone abaixo do mínimo (min: 5)
UPDATE LABDATABASE.PRODUTOS SET QUANTIDADE_ATUAL = 1 WHERE CODIGO_PRODUTO = 4;  -- MacBook abaixo do mínimo (min: 2)
UPDATE LABDATABASE.PRODUTOS SET QUANTIDADE_ATUAL = 2 WHERE CODIGO_PRODUTO = 7;  -- Pixel abaixo do mínimo (min: 4)
UPDATE LABDATABASE.PRODUTOS SET QUANTIDADE_ATUAL = 8 WHERE CODIGO_PRODUTO = 9;  -- Carregador abaixo do mínimo (min: 15)

/*INSERE DADOS NA TABELA DE MOVIMENTACOES*/
INSERT INTO LABDATABASE.MOVIMENTACOES 
(CODIGO_MOVIMENTACAO, CODIGO_PRODUTO, QUANTIDADE, TIPO_MOVIMENTACAO, DATA_MOVIMENTACAO, MOTIVO, CNPJ_FORNECEDOR, NUMERO_NOTA)
VALUES (1, 1, 10, 'E', SYSDATE-30, 'Compra inicial', '01234567891234', 'NF001');

INSERT INTO LABDATABASE.MOVIMENTACOES
(CODIGO_MOVIMENTACAO, CODIGO_PRODUTO, QUANTIDADE, TIPO_MOVIMENTACAO, DATA_MOVIMENTACAO, MOTIVO, CNPJ_FORNECEDOR, NUMERO_NOTA)
VALUES (2, 2, 15, 'E', SYSDATE-25, 'Compra inicial', '01234567891234', 'NF002');

INSERT INTO LABDATABASE.MOVIMENTACOES
(CODIGO_MOVIMENTACAO, CODIGO_PRODUTO, QUANTIDADE, TIPO_MOVIMENTACAO, DATA_MOVIMENTACAO, MOTIVO, CNPJ_FORNECEDOR, NUMERO_NOTA)
VALUES (3, 6, 25, 'E', SYSDATE-20, 'Compra inicial', '00001234567891', 'NF003');

-- Movimentações de saída para deixar produtos abaixo do mínimo
INSERT INTO LABDATABASE.MOVIMENTACOES
(CODIGO_MOVIMENTACAO, CODIGO_PRODUTO, QUANTIDADE, TIPO_MOVIMENTACAO, DATA_MOVIMENTACAO, MOTIVO, CNPJ_FORNECEDOR, NUMERO_NOTA)
VALUES (4, 1, 7, 'S', SYSDATE-15, 'Venda', '01234567891234', 'NFS001');

INSERT INTO LABDATABASE.MOVIMENTACOES
(CODIGO_MOVIMENTACAO, CODIGO_PRODUTO, QUANTIDADE, TIPO_MOVIMENTACAO, DATA_MOVIMENTACAO, MOTIVO, CNPJ_FORNECEDOR, NUMERO_NOTA)
VALUES (5, 4, 4, 'S', SYSDATE-10, 'Venda', '00123456789123', 'NFS002');

INSERT INTO LABDATABASE.MOVIMENTACOES
(CODIGO_MOVIMENTACAO, CODIGO_PRODUTO, QUANTIDADE, TIPO_MOVIMENTACAO, DATA_MOVIMENTACAO, MOTIVO, CNPJ_FORNECEDOR, NUMERO_NOTA)
VALUES (6, 7, 5, 'S', SYSDATE-5, 'Venda', '00012345678912', 'NFS003');

INSERT INTO LABDATABASE.MOVIMENTACOES
(CODIGO_MOVIMENTACAO, CODIGO_PRODUTO, QUANTIDADE, TIPO_MOVIMENTACAO, DATA_MOVIMENTACAO, MOTIVO, CNPJ_FORNECEDOR, NUMERO_NOTA)
VALUES (7, 9, 22, 'S', SYSDATE-2, 'Venda em lote', '00001234567891', 'NFS004');

COMMIT;